{"format":"Transformational debugger info","version":1,
"info":{"name":"Sattraj.Satellite","description":""},
"variables":{
"M":{"comment":"","kind":"state","type":"Real","unit":"","displayUnit":"","source":{"info":{"file":"C:/Users/admin/Desktop/trackingARO-integration/trackingARO-integration/Sattraj.mo","lineStart":14,"lineEnd":14,"colStart":3,"colEnd":54},"within":["Real"]}},
"der(M)":{"comment":"","kind":"derivative","type":"Real","unit":"","displayUnit":"","source":{"info":{"file":"C:/Users/admin/Desktop/trackingARO-integration/trackingARO-integration/Sattraj.mo","lineStart":14,"lineEnd":14,"colStart":3,"colEnd":54},"within":["Real"]}},
"$TMP$VAR$11$0ATAN$TAN":{"comment":"","kind":"variable","type":"Real","unit":"","displayUnit":"","source":{"info":{"file":"","lineStart":0,"lineEnd":0,"colStart":0,"colEnd":0}}},
"$TMP$VAR$11$0Y$TAN":{"comment":"","kind":"variable","type":"Real","unit":"","displayUnit":"","source":{"info":{"file":"","lineStart":0,"lineEnd":0,"colStart":0,"colEnd":0}}},
"$TMP$VAR$18$0X$ABS":{"comment":"","kind":"variable","type":"Real","unit":"","displayUnit":"","source":{"info":{"file":"","lineStart":0,"lineEnd":0,"colStart":0,"colEnd":0}}},
"$TMP$VAR$35$0ATAN$TAN":{"comment":"","kind":"variable","type":"Real","unit":"","displayUnit":"","source":{"info":{"file":"","lineStart":0,"lineEnd":0,"colStart":0,"colEnd":0}}},
"$TMP$VAR$35$0PREX$TAN":{"comment":"","kind":"variable","type":"Real","unit":"","displayUnit":"","source":{"info":{"file":"","lineStart":0,"lineEnd":0,"colStart":0,"colEnd":0}}},
"$TMP$VAR$44$0X$ABS":{"comment":"","kind":"variable","type":"Real","unit":"","displayUnit":"","source":{"info":{"file":"","lineStart":0,"lineEnd":0,"colStart":0,"colEnd":0}}},
"$cse1":{"comment":"","kind":"variable","type":"Real","unit":"","displayUnit":"","source":{"info":{"file":"","lineStart":0,"lineEnd":0,"colStart":0,"colEnd":0}}},
"$cse2":{"comment":"","kind":"variable","type":"Real","unit":"","displayUnit":"","source":{"info":{"file":"","lineStart":0,"lineEnd":0,"colStart":0,"colEnd":0}}},
"$cse3":{"comment":"","kind":"variable","type":"Real","unit":"","displayUnit":"","source":{"info":{"file":"","lineStart":0,"lineEnd":0,"colStart":0,"colEnd":0}}},
"$cse4":{"comment":"","kind":"variable","type":"Real","unit":"","displayUnit":"","source":{"info":{"file":"","lineStart":0,"lineEnd":0,"colStart":0,"colEnd":0}}},
"$cse5":{"comment":"","kind":"variable","type":"Real","unit":"","displayUnit":"","source":{"info":{"file":"","lineStart":0,"lineEnd":0,"colStart":0,"colEnd":0}}},
"E":{"comment":"","kind":"variable","type":"Real","unit":"","displayUnit":"","source":{"info":{"file":"C:/Users/admin/Desktop/trackingARO-integration/trackingARO-integration/Sattraj.mo","lineStart":14,"lineEnd":14,"colStart":3,"colEnd":54},"within":["Real"]}},
"GM":{"comment":"km^3/s^2","kind":"variable","type":"Real","unit":"","displayUnit":"","source":{"info":{"file":"C:/Users/admin/Desktop/trackingARO-integration/trackingARO-integration/Sattraj.mo","lineStart":17,"lineEnd":17,"colStart":3,"colEnd":35},"within":["Real"]}},
"Mean":{"comment":"","kind":"variable","type":"Real","unit":"","displayUnit":"","source":{"info":{"file":"C:/Users/admin/Desktop/trackingARO-integration/trackingARO-integration/Sattraj.mo","lineStart":14,"lineEnd":14,"colStart":3,"colEnd":54},"within":["Real"]}},
"a":{"comment":"","kind":"variable","type":"Real","unit":"","displayUnit":"","source":{"info":{"file":"C:/Users/admin/Desktop/trackingARO-integration/trackingARO-integration/Sattraj.mo","lineStart":14,"lineEnd":14,"colStart":3,"colEnd":54},"within":["Real"]}},
"dr":{"comment":"","kind":"variable","type":"Real","unit":"","displayUnit":"","source":{"info":{"file":"C:/Users/admin/Desktop/trackingARO-integration/trackingARO-integration/Sattraj.mo","lineStart":14,"lineEnd":14,"colStart":3,"colEnd":54},"within":["Real"]}},
"dx":{"comment":"","kind":"variable","type":"Real","unit":"","displayUnit":"","source":{"info":{"file":"C:/Users/admin/Desktop/trackingARO-integration/trackingARO-integration/Sattraj.mo","lineStart":14,"lineEnd":14,"colStart":3,"colEnd":54},"within":["Real"]}},
"dy":{"comment":"","kind":"variable","type":"Real","unit":"","displayUnit":"","source":{"info":{"file":"C:/Users/admin/Desktop/trackingARO-integration/trackingARO-integration/Sattraj.mo","lineStart":14,"lineEnd":14,"colStart":3,"colEnd":54},"within":["Real"]}},
"h":{"comment":"","kind":"variable","type":"Real","unit":"","displayUnit":"","source":{"info":{"file":"C:/Users/admin/Desktop/trackingARO-integration/trackingARO-integration/Sattraj.mo","lineStart":14,"lineEnd":14,"colStart":3,"colEnd":54},"within":["Real"]}},
"n":{"comment":"","kind":"variable","type":"Real","unit":"","displayUnit":"","source":{"info":{"file":"C:/Users/admin/Desktop/trackingARO-integration/trackingARO-integration/Sattraj.mo","lineStart":14,"lineEnd":14,"colStart":3,"colEnd":54},"within":["Real"]}},
"p_sat_p.z":{"comment":"","kind":"variable","type":"Real","unit":"","displayUnit":"","source":{"info":{"file":"C:/Users/admin/Desktop/trackingARO-integration/trackingARO-integration/Sattraj.mo","lineStart":5,"lineEnd":5,"colStart":3,"colEnd":9},"within":["Real"],"instance":"p_sat_p"}},
"pi":{"comment":"","kind":"variable","type":"Real","unit":"","displayUnit":"","source":{"info":{"file":"C:/Users/admin/Desktop/trackingARO-integration/trackingARO-integration/Sattraj.mo","lineStart":16,"lineEnd":16,"colStart":3,"colEnd":30},"within":["Real"]}},
"r":{"comment":"","kind":"variable","type":"Real","unit":"","displayUnit":"","source":{"info":{"file":"C:/Users/admin/Desktop/trackingARO-integration/trackingARO-integration/Sattraj.mo","lineStart":14,"lineEnd":14,"colStart":3,"colEnd":54},"within":["Real"]}},
"theta":{"comment":"","kind":"variable","type":"Real","unit":"","displayUnit":"","source":{"info":{"file":"C:/Users/admin/Desktop/trackingARO-integration/trackingARO-integration/Sattraj.mo","lineStart":14,"lineEnd":14,"colStart":3,"colEnd":54},"within":["Real"]}},
"v_sat_p.z":{"comment":"","kind":"variable","type":"Real","unit":"","displayUnit":"","source":{"info":{"file":"C:/Users/admin/Desktop/trackingARO-integration/trackingARO-integration/Sattraj.mo","lineStart":5,"lineEnd":5,"colStart":3,"colEnd":9},"within":["Real"],"instance":"v_sat_p"}},
"x":{"comment":"","kind":"variable","type":"Real","unit":"","displayUnit":"","source":{"info":{"file":"C:/Users/admin/Desktop/trackingARO-integration/trackingARO-integration/Sattraj.mo","lineStart":14,"lineEnd":14,"colStart":3,"colEnd":54},"within":["Real"]}},
"y":{"comment":"","kind":"variable","type":"Real","unit":"","displayUnit":"","source":{"info":{"file":"C:/Users/admin/Desktop/trackingARO-integration/trackingARO-integration/Sattraj.mo","lineStart":14,"lineEnd":14,"colStart":3,"colEnd":54},"within":["Real"]}},
"M0":{"comment":"Mean anomaly at epoch (deg)","kind":"parameter","type":"Real","unit":"","displayUnit":"","source":{"info":{"file":"C:/Users/admin/Desktop/trackingARO-integration/trackingARO-integration/Sattraj.mo","lineStart":9,"lineEnd":9,"colStart":3,"colEnd":61},"within":["Real"]}},
"Nddot6":{"comment":"TLE paramter rev/d^3","kind":"parameter","type":"Real","unit":"","displayUnit":"","source":{"info":{"file":"C:/Users/admin/Desktop/trackingARO-integration/trackingARO-integration/Sattraj.mo","lineStart":12,"lineEnd":12,"colStart":3,"colEnd":52},"within":["Real"]}},
"Ndot2":{"comment":"TLE drag paramter rev/d^2","kind":"parameter","type":"Real","unit":"","displayUnit":"","source":{"info":{"file":"C:/Users/admin/Desktop/trackingARO-integration/trackingARO-integration/Sattraj.mo","lineStart":11,"lineEnd":11,"colStart":3,"colEnd":64},"within":["Real"]}},
"ecc":{"comment":"Eccentriciy","kind":"parameter","type":"Real","unit":"","displayUnit":"","source":{"info":{"file":"C:/Users/admin/Desktop/trackingARO-integration/trackingARO-integration/Sattraj.mo","lineStart":8,"lineEnd":8,"colStart":3,"colEnd":47},"within":["Real"]}},
"tstart":{"comment":"Simulation start time,seconds since Epoch (s)","kind":"parameter","type":"Real","unit":"","displayUnit":"","source":{"info":{"file":"C:/Users/admin/Desktop/trackingARO-integration/trackingARO-integration/Sattraj.mo","lineStart":13,"lineEnd":13,"colStart":3,"colEnd":76},"within":["Real"]}},
"$cse5.$pDERNLSJac0.dummyVarNLSJac0":{"comment":"","kind":"jacobian variable","type":"Real","unit":"","displayUnit":"","source":{"info":{"file":"","lineStart":0,"lineEnd":0,"colStart":0,"colEnd":0}}},
"$cse6":{"comment":"","kind":"jacobian variable","type":"Real","unit":"","displayUnit":"","source":{"info":{"file":"","lineStart":0,"lineEnd":0,"colStart":0,"colEnd":0}}}
},
"equations":[{"eqIndex":0,"tag":"dummy"},
{"eqIndex":1,"section":"initial","tag":"assign","defines":["v_sat_p.z"],"uses":[],"equation":["0.0"],"source":{"info":{"file":"C:/Users/admin/Desktop/trackingARO-integration/trackingARO-integration/Sattraj.mo","lineStart":5,"lineEnd":5,"colStart":3,"colEnd":9},"within":["Real"],"instance":"v_sat_p"}},
{"eqIndex":2,"section":"initial","tag":"assign","defines":["GM"],"uses":[],"equation":["398600.4418"],"source":{"info":{"file":"C:/Users/admin/Desktop/trackingARO-integration/trackingARO-integration/Sattraj.mo","lineStart":17,"lineEnd":17,"colStart":3,"colEnd":35},"within":["Real"]}},
{"eqIndex":3,"section":"initial","tag":"assign","defines":["p_sat_p.z"],"uses":[],"equation":["0.0"],"source":{"info":{"file":"C:/Users/admin/Desktop/trackingARO-integration/trackingARO-integration/Sattraj.mo","lineStart":5,"lineEnd":5,"colStart":3,"colEnd":9},"within":["Real"],"instance":"p_sat_p"}},
{"eqIndex":4,"section":"initial","tag":"assign","defines":["pi"],"uses":[],"equation":["3.141592653589793"],"source":{"info":{"file":"C:/Users/admin/Desktop/trackingARO-integration/trackingARO-integration/Sattraj.mo","lineStart":16,"lineEnd":16,"colStart":3,"colEnd":30},"within":["Real"]}},
{"eqIndex":5,"section":"initial","tag":"assign","defines":["n"],"uses":["Nddot6","time","Ndot2","N0"],"equation":["0.004166666666666667 * N0 + 9.645061728395061e-008 * Ndot2 * time + 1.674489883401921e-012 * Nddot6 * time ^ 2.0"],"source":{"info":{"file":"C:/Users/admin/Desktop/trackingARO-integration/trackingARO-integration/Sattraj.mo","lineStart":25,"lineEnd":25,"colStart":4,"colEnd":96},"within":["Sattraj.Satellite"]}},
{"eqIndex":6,"section":"initial","tag":"assign","defines":["der(M)"],"uses":["n"],"equation":["n"],"source":{"info":{"file":"C:/Users/admin/Desktop/trackingARO-integration/trackingARO-integration/Sattraj.mo","lineStart":26,"lineEnd":26,"colStart":4,"colEnd":12},"within":["Sattraj.Satellite"]}},
{"eqIndex":7,"section":"initial","tag":"assign","defines":["a"],"uses":["n"],"equation":["DIVISION(398600.4418, (-0.0174532925199433 * n) ^ 2.0) ^ 0.3333333333333333"],"source":{"info":{"file":"C:/Users/admin/Desktop/trackingARO-integration/trackingARO-integration/Sattraj.mo","lineStart":30,"lineEnd":30,"colStart":4,"colEnd":42},"within":["Sattraj.Satellite"]}},
{"eqIndex":8,"section":"initial","tag":"assign","defines":["M"],"uses":["Nddot6","Ndot2","tstart","N0","M0"],"equation":["M0 + 0.004166666666666667 * N0 * tstart + 360.0 * (Ndot2 * (1.157407407407407e-005 * tstart) ^ 2.0 + Nddot6 * (1.157407407407407e-005 * tstart) ^ 3.0)"],"source":{"info":{"file":"C:/Users/admin/Desktop/trackingARO-integration/trackingARO-integration/Sattraj.mo","lineStart":22,"lineEnd":22,"colStart":4,"colEnd":97},"within":["Sattraj.Satellite"]}},
{"eqIndex":9,"parent":10,"section":"initial","tag":"residual","uses":["M","ecc","E"],"equation":["E + ecc * sin(E) + -0.0174532925199433 * M"],"source":{"info":{"file":"C:/Users/admin/Desktop/trackingARO-integration/trackingARO-integration/Sattraj.mo","lineStart":27,"lineEnd":27,"colStart":4,"colEnd":44},"within":["Sattraj.Satellite"]}},
{"eqIndex":10,"section":"initial","tag":"system","display":"non-linear","unknowns":1,"defines":["E"],"equation":[[9],[]]},
{"eqIndex":11,"section":"initial","tag":"assign","defines":["$TMP$VAR$11$0Y$TAN"],"uses":["ecc","E"],"equation":["DIVISION(tan(0.5 * E), sqrt(DIVISION(1.0 - ecc, 1.0 + ecc)))"],"source":{"info":{"file":"","lineStart":0,"lineEnd":0,"colStart":0,"colEnd":0}}},
{"eqIndex":12,"section":"initial","tag":"assign","defines":["$TMP$VAR$11$0ATAN$TAN"],"uses":["$TMP$VAR$11$0Y$TAN"],"equation":["atan($TMP$VAR$11$0Y$TAN)"],"source":{"info":{"file":"","lineStart":0,"lineEnd":0,"colStart":0,"colEnd":0}}},
{"eqIndex":13,"section":"initial","tag":"assign","defines":["$TMP$VAR$11$0PREX$TAN"],"uses":["theta"],"equation":["if initial() then if pre(theta) == 0.0 then 1.0 else 0.5 * pre(theta) else 0.5 * pre(theta)"],"source":{"info":{"file":"","lineStart":0,"lineEnd":0,"colStart":0,"colEnd":0}}},
{"eqIndex":14,"section":"initial","tag":"assign","defines":["theta"],"uses":["$TMP$VAR$11$0PREX$TAN","$TMP$VAR$11$0ATAN$TAN"],"equation":["2.0 * $TMP$VAR$11$0ATAN$TAN + 6.283185307179586 * $_round(($TMP$VAR$11$0PREX$TAN - $TMP$VAR$11$0ATAN$TAN) / 3.141592653589793)"],"source":{"info":{"file":"C:/Users/admin/Desktop/trackingARO-integration/trackingARO-integration/Sattraj.mo","lineStart":29,"lineEnd":29,"colStart":4,"colEnd":53},"within":["Sattraj.Satellite"]}},
{"eqIndex":15,"section":"initial","tag":"assign","defines":["r"],"uses":["theta","ecc","a"],"equation":["a * DIVISION(1.0 - ecc ^ 2.0, 1.0 + ecc * cos(theta))"],"source":{"info":{"file":"C:/Users/admin/Desktop/trackingARO-integration/trackingARO-integration/Sattraj.mo","lineStart":31,"lineEnd":31,"colStart":4,"colEnd":42},"within":["Sattraj.Satellite"]}},
{"eqIndex":16,"section":"initial","tag":"assign","defines":["x"],"uses":["theta","r"],"equation":["r * cos(theta)"],"source":{"info":{"file":"C:/Users/admin/Desktop/trackingARO-integration/trackingARO-integration/Sattraj.mo","lineStart":32,"lineEnd":32,"colStart":4,"colEnd":20},"within":["Sattraj.Satellite"]}},
{"eqIndex":17,"section":"initial","tag":"assign","defines":["y"],"uses":["theta","r"],"equation":["r * sin(theta)"],"source":{"info":{"file":"C:/Users/admin/Desktop/trackingARO-integration/trackingARO-integration/Sattraj.mo","lineStart":33,"lineEnd":33,"colStart":4,"colEnd":20},"within":["Sattraj.Satellite"]}},
{"eqIndex":18,"section":"initial","tag":"assign","defines":["$TMP$VAR$18$0X$ABS"],"uses":["h"],"equation":["pre(h)"],"source":{"info":{"file":"","lineStart":0,"lineEnd":0,"colStart":0,"colEnd":0}}},
{"eqIndex":19,"section":"initial","tag":"assign","defines":["h"],"uses":["theta","ecc","r","$TMP$VAR$18$0X$ABS"],"equation":["$_signNoNull($TMP$VAR$18$0X$ABS) * abs(-398600.4418 ^ 0.5 * (-r) ^ 0.5 * (1.0 + ecc * cos(theta)) ^ 0.5)"],"source":{"info":{"file":"C:/Users/admin/Desktop/trackingARO-integration/trackingARO-integration/Sattraj.mo","lineStart":34,"lineEnd":34,"colStart":4,"colEnd":37},"within":["Sattraj.Satellite"]}},
{"eqIndex":20,"section":"initial","tag":"assign","defines":["dr"],"uses":["h","theta","ecc"],"equation":["398600.4418 * ecc * DIVISION(sin(theta), h)"],"source":{"info":{"file":"C:/Users/admin/Desktop/trackingARO-integration/trackingARO-integration/Sattraj.mo","lineStart":35,"lineEnd":35,"colStart":4,"colEnd":30},"within":["Sattraj.Satellite"]}},
{"eqIndex":21,"section":"initial","tag":"assign","defines":["dx"],"uses":["h","theta"],"equation":["-398600.4418 * DIVISION(sin(theta), h)"],"source":{"info":{"file":"C:/Users/admin/Desktop/trackingARO-integration/trackingARO-integration/Sattraj.mo","lineStart":36,"lineEnd":36,"colStart":4,"colEnd":27},"within":["Sattraj.Satellite"]}},
{"eqIndex":22,"section":"initial","tag":"assign","defines":["dy"],"uses":["h","theta","ecc"],"equation":["398600.4418 * DIVISION(ecc + cos(theta), h)"],"source":{"info":{"file":"C:/Users/admin/Desktop/trackingARO-integration/trackingARO-integration/Sattraj.mo","lineStart":37,"lineEnd":37,"colStart":4,"colEnd":34},"within":["Sattraj.Satellite"]}},
{"eqIndex":23,"section":"initial","tag":"assign","defines":["Mean"],"uses":["M"],"equation":["mod(M, 360.0)"],"source":{"info":{"file":"C:/Users/admin/Desktop/trackingARO-integration/trackingARO-integration/Sattraj.mo","lineStart":28,"lineEnd":28,"colStart":4,"colEnd":22},"within":["Sattraj.Satellite"]}},
{"eqIndex":24,"section":"regular","tag":"assign","defines":["n"],"uses":["Nddot6","time","Ndot2","N0"],"equation":["0.004166666666666667 * N0 + 9.645061728395061e-008 * Ndot2 * time + 1.674489883401921e-012 * Nddot6 * time ^ 2.0"],"source":{"info":{"file":"C:/Users/admin/Desktop/trackingARO-integration/trackingARO-integration/Sattraj.mo","lineStart":25,"lineEnd":25,"colStart":4,"colEnd":96},"within":["Sattraj.Satellite"]}},
{"eqIndex":25,"section":"regular","tag":"assign","defines":["der(M)"],"uses":["n"],"equation":["n"],"source":{"info":{"file":"C:/Users/admin/Desktop/trackingARO-integration/trackingARO-integration/Sattraj.mo","lineStart":26,"lineEnd":26,"colStart":4,"colEnd":12},"within":["Sattraj.Satellite"]}},
{"eqIndex":26,"parent":31,"section":"regular","tag":"torn","defines":["$cse5"],"uses":["E"],"equation":["sin(E)"],"source":{"info":{"file":"","lineStart":0,"lineEnd":0,"colStart":0,"colEnd":0}}},
{"eqIndex":27,"parent":31,"section":"regular","tag":"residual","uses":["M","E","$cse5","ecc"],"equation":["ecc * $cse5 + E + -0.0174532925199433 * M"],"source":{"info":{"file":"C:/Users/admin/Desktop/trackingARO-integration/trackingARO-integration/Sattraj.mo","lineStart":27,"lineEnd":27,"colStart":4,"colEnd":44},"within":["Sattraj.Satellite"]}},
{"eqIndex":28,"parent":31,"section":"regular","tag":"jacobian","defines":["$cse6"],"uses":["E"],"equation":["cos(E)"],"source":{"info":{"file":"","lineStart":0,"lineEnd":0,"colStart":0,"colEnd":0}}},
{"eqIndex":29,"parent":31,"section":"regular","tag":"jacobian","defines":["$cse5.$pDERNLSJac0.dummyVarNLSJac0"],"uses":["ESeedNLSJac0","$cse6"],"equation":["$cse6 * ESeedNLSJac0"],"source":{"info":{"file":"","lineStart":0,"lineEnd":0,"colStart":0,"colEnd":0}}},
{"eqIndex":30,"parent":31,"section":"regular","tag":"jacobian","defines":["$res.1.$pDERNLSJac0.dummyVarNLSJac0"],"uses":["ESeedNLSJac0","$cse5.$pDERNLSJac0.dummyVarNLSJac0","ecc"],"equation":["ecc * $cse5.$pDERNLSJac0.dummyVarNLSJac0 + ESeedNLSJac0"],"source":{"info":{"file":"C:/Users/admin/Desktop/trackingARO-integration/trackingARO-integration/Sattraj.mo","lineStart":27,"lineEnd":27,"colStart":4,"colEnd":44},"within":["Sattraj.Satellite"]}},
{"eqIndex":31,"section":"regular","tag":"tornsystem","display":"non-linear","unknowns":2,"defines":["E"],"equation":[[26,27],[28,29,30]]},
{"eqIndex":32,"section":"regular","tag":"assign","defines":["$cse3"],"uses":["E"],"equation":["tan(0.5 * E)"],"source":{"info":{"file":"","lineStart":0,"lineEnd":0,"colStart":0,"colEnd":0}}},
{"eqIndex":33,"section":"regular","tag":"assign","defines":["Mean"],"uses":["M"],"equation":["mod(M, 360.0, 0)"],"source":{"info":{"file":"C:/Users/admin/Desktop/trackingARO-integration/trackingARO-integration/Sattraj.mo","lineStart":28,"lineEnd":28,"colStart":4,"colEnd":22},"within":["Sattraj.Satellite"]}},
{"eqIndex":34,"section":"regular","tag":"assign","defines":["$cse4"],"uses":["ecc","$cse3"],"equation":["DIVISION($cse3, sqrt(DIVISION(1.0 - ecc, 1.0 + ecc)))"],"source":{"info":{"file":"C:/Users/admin/Desktop/trackingARO-integration/trackingARO-integration/Sattraj.mo","lineStart":29,"lineEnd":29,"colStart":4,"colEnd":53},"within":["Sattraj.Satellite"]}},
{"eqIndex":35,"section":"regular","tag":"assign","defines":["$TMP$VAR$35$0ATAN$TAN"],"uses":["$cse4"],"equation":["atan($cse4)"],"source":{"info":{"file":"","lineStart":0,"lineEnd":0,"colStart":0,"colEnd":0}}},
{"eqIndex":36,"section":"regular","tag":"assign","defines":["$TMP$VAR$35$0PREX$TAN"],"uses":["theta"],"equation":["if initial() then if pre(theta) == 0.0 then 1.0 else 0.5 * pre(theta) else 0.5 * pre(theta)"],"source":{"info":{"file":"","lineStart":0,"lineEnd":0,"colStart":0,"colEnd":0}}},
{"eqIndex":37,"section":"regular","tag":"assign","defines":["theta"],"uses":["$TMP$VAR$35$0PREX$TAN","$TMP$VAR$35$0ATAN$TAN"],"equation":["2.0 * $TMP$VAR$35$0ATAN$TAN + 6.283185307179586 * $_round(($TMP$VAR$35$0PREX$TAN - $TMP$VAR$35$0ATAN$TAN) / 3.141592653589793)"],"source":{"info":{"file":"","lineStart":0,"lineEnd":0,"colStart":0,"colEnd":0}}},
{"eqIndex":38,"section":"regular","tag":"assign","defines":["$cse2"],"uses":["theta"],"equation":["sin(theta)"],"source":{"info":{"file":"","lineStart":0,"lineEnd":0,"colStart":0,"colEnd":0}}},
{"eqIndex":39,"section":"regular","tag":"assign","defines":["$cse1"],"uses":["theta"],"equation":["cos(theta)"],"source":{"info":{"file":"","lineStart":0,"lineEnd":0,"colStart":0,"colEnd":0}}},
{"eqIndex":40,"section":"regular","tag":"assign","defines":["a"],"uses":["n"],"equation":["DIVISION(398600.4418, (-0.0174532925199433 * n) ^ 2.0) ^ 0.3333333333333333"],"source":{"info":{"file":"C:/Users/admin/Desktop/trackingARO-integration/trackingARO-integration/Sattraj.mo","lineStart":30,"lineEnd":30,"colStart":4,"colEnd":42},"within":["Sattraj.Satellite"]}},
{"eqIndex":41,"section":"regular","tag":"assign","defines":["r"],"uses":["$cse1","ecc","a"],"equation":["a * DIVISION(1.0 - ecc ^ 2.0, 1.0 + ecc * $cse1)"],"source":{"info":{"file":"C:/Users/admin/Desktop/trackingARO-integration/trackingARO-integration/Sattraj.mo","lineStart":31,"lineEnd":31,"colStart":4,"colEnd":42},"within":["Sattraj.Satellite"]}},
{"eqIndex":42,"section":"regular","tag":"assign","defines":["x"],"uses":["$cse1","r"],"equation":["r * $cse1"],"source":{"info":{"file":"C:/Users/admin/Desktop/trackingARO-integration/trackingARO-integration/Sattraj.mo","lineStart":32,"lineEnd":32,"colStart":4,"colEnd":20},"within":["Sattraj.Satellite"]}},
{"eqIndex":43,"section":"regular","tag":"assign","defines":["y"],"uses":["$cse2","r"],"equation":["r * $cse2"],"source":{"info":{"file":"C:/Users/admin/Desktop/trackingARO-integration/trackingARO-integration/Sattraj.mo","lineStart":33,"lineEnd":33,"colStart":4,"colEnd":20},"within":["Sattraj.Satellite"]}},
{"eqIndex":44,"section":"regular","tag":"assign","defines":["$TMP$VAR$44$0X$ABS"],"uses":["h"],"equation":["pre(h)"],"source":{"info":{"file":"","lineStart":0,"lineEnd":0,"colStart":0,"colEnd":0}}},
{"eqIndex":45,"section":"regular","tag":"assign","defines":["h"],"uses":["$cse1","ecc","r","$TMP$VAR$44$0X$ABS"],"equation":["$_signNoNull($TMP$VAR$44$0X$ABS) * abs(-398600.4418 ^ 0.5 * (-r) ^ 0.5 * (1.0 + ecc * $cse1) ^ 0.5)"],"source":{"info":{"file":"C:/Users/admin/Desktop/trackingARO-integration/trackingARO-integration/Sattraj.mo","lineStart":34,"lineEnd":34,"colStart":4,"colEnd":37},"within":["Sattraj.Satellite"]}},
{"eqIndex":46,"section":"regular","tag":"assign","defines":["dr"],"uses":["h","$cse2","ecc"],"equation":["398600.4418 * ecc * DIVISION($cse2, h)"],"source":{"info":{"file":"C:/Users/admin/Desktop/trackingARO-integration/trackingARO-integration/Sattraj.mo","lineStart":35,"lineEnd":35,"colStart":4,"colEnd":30},"within":["Sattraj.Satellite"]}},
{"eqIndex":47,"section":"regular","tag":"assign","defines":["dx"],"uses":["h","$cse2"],"equation":["-398600.4418 * DIVISION($cse2, h)"],"source":{"info":{"file":"C:/Users/admin/Desktop/trackingARO-integration/trackingARO-integration/Sattraj.mo","lineStart":36,"lineEnd":36,"colStart":4,"colEnd":27},"within":["Sattraj.Satellite"]}},
{"eqIndex":48,"section":"regular","tag":"assign","defines":["dy"],"uses":["h","$cse1","ecc"],"equation":["398600.4418 * DIVISION(ecc + $cse1, h)"],"source":{"info":{"file":"C:/Users/admin/Desktop/trackingARO-integration/trackingARO-integration/Sattraj.mo","lineStart":37,"lineEnd":37,"colStart":4,"colEnd":34},"within":["Sattraj.Satellite"]}},
{"eqIndex":49,"section":"parameter","tag":"assign","defines":["v_sat_p.z"],"uses":[],"equation":["0.0"],"source":{"info":{"file":"C:/Users/admin/Desktop/trackingARO-integration/trackingARO-integration/Sattraj.mo","lineStart":5,"lineEnd":5,"colStart":3,"colEnd":9},"within":["Real"],"instance":"v_sat_p"}},
{"eqIndex":50,"section":"parameter","tag":"assign","defines":["GM"],"uses":[],"equation":["398600.4418"],"source":{"info":{"file":"C:/Users/admin/Desktop/trackingARO-integration/trackingARO-integration/Sattraj.mo","lineStart":17,"lineEnd":17,"colStart":3,"colEnd":35},"within":["Real"]}},
{"eqIndex":51,"section":"parameter","tag":"assign","defines":["p_sat_p.z"],"uses":[],"equation":["0.0"],"source":{"info":{"file":"C:/Users/admin/Desktop/trackingARO-integration/trackingARO-integration/Sattraj.mo","lineStart":5,"lineEnd":5,"colStart":3,"colEnd":9},"within":["Real"],"instance":"p_sat_p"}},
{"eqIndex":52,"section":"parameter","tag":"assign","defines":["pi"],"uses":[],"equation":["3.141592653589793"],"source":{"info":{"file":"C:/Users/admin/Desktop/trackingARO-integration/trackingARO-integration/Sattraj.mo","lineStart":16,"lineEnd":16,"colStart":3,"colEnd":30},"within":["Real"]}}
],
"functions":[
"Sattraj.Vector"
]
}