{"format":"Transformational debugger info","version":1,
"info":{"name":"Sattraj.Master","description":""},
"variables":{
"GPS.M":{"comment":"","kind":"state","type":"Real","unit":"","displayUnit":"","source":{"info":{"file":"C:/Users/admin/Desktop/trackingARO-integration/trackingARO-integration/Sattraj.mo","lineStart":41,"lineEnd":41,"colStart":3,"colEnd":54},"within":["Real"],"instance":"GPS"}},
"der(GPS.M)":{"comment":"","kind":"derivative","type":"Real","unit":"","displayUnit":"","source":{"info":{"file":"C:/Users/admin/Desktop/trackingARO-integration/trackingARO-integration/Sattraj.mo","lineStart":41,"lineEnd":41,"colStart":3,"colEnd":54},"within":["Real"],"instance":"GPS"}},
"$TMP$VAR$14$0ATAN$TAN":{"comment":"","kind":"variable","type":"Real","unit":"","displayUnit":"","source":{"info":{"file":"","lineStart":0,"lineEnd":0,"colStart":0,"colEnd":0}}},
"$TMP$VAR$14$0Y$TAN":{"comment":"","kind":"variable","type":"Real","unit":"","displayUnit":"","source":{"info":{"file":"","lineStart":0,"lineEnd":0,"colStart":0,"colEnd":0}}},
"$TMP$VAR$21$0X$ABS":{"comment":"","kind":"variable","type":"Real","unit":"","displayUnit":"","source":{"info":{"file":"","lineStart":0,"lineEnd":0,"colStart":0,"colEnd":0}}},
"$TMP$VAR$47$0ATAN$TAN":{"comment":"","kind":"variable","type":"Real","unit":"","displayUnit":"","source":{"info":{"file":"","lineStart":0,"lineEnd":0,"colStart":0,"colEnd":0}}},
"$TMP$VAR$47$0PREX$TAN":{"comment":"","kind":"variable","type":"Real","unit":"","displayUnit":"","source":{"info":{"file":"","lineStart":0,"lineEnd":0,"colStart":0,"colEnd":0}}},
"$TMP$VAR$58$0X$ABS":{"comment":"","kind":"variable","type":"Real","unit":"","displayUnit":"","source":{"info":{"file":"","lineStart":0,"lineEnd":0,"colStart":0,"colEnd":0}}},
"$cse1":{"comment":"","kind":"variable","type":"Real","unit":"","displayUnit":"","source":{"info":{"file":"","lineStart":0,"lineEnd":0,"colStart":0,"colEnd":0}}},
"$cse2":{"comment":"","kind":"variable","type":"Real","unit":"","displayUnit":"","source":{"info":{"file":"","lineStart":0,"lineEnd":0,"colStart":0,"colEnd":0}}},
"$cse3":{"comment":"","kind":"variable","type":"Real","unit":"","displayUnit":"","source":{"info":{"file":"","lineStart":0,"lineEnd":0,"colStart":0,"colEnd":0}}},
"$cse4":{"comment":"","kind":"variable","type":"Real","unit":"","displayUnit":"","source":{"info":{"file":"","lineStart":0,"lineEnd":0,"colStart":0,"colEnd":0}}},
"$cse5":{"comment":"","kind":"variable","type":"Real","unit":"","displayUnit":"","source":{"info":{"file":"","lineStart":0,"lineEnd":0,"colStart":0,"colEnd":0}}},
"$cse6":{"comment":"","kind":"variable","type":"Real","unit":"","displayUnit":"","source":{"info":{"file":"","lineStart":0,"lineEnd":0,"colStart":0,"colEnd":0}}},
"$cse7":{"comment":"","kind":"variable","type":"Real","unit":"","displayUnit":"","source":{"info":{"file":"","lineStart":0,"lineEnd":0,"colStart":0,"colEnd":0}}},
"$cse8":{"comment":"","kind":"variable","type":"Real","unit":"","displayUnit":"","source":{"info":{"file":"","lineStart":0,"lineEnd":0,"colStart":0,"colEnd":0}}},
"$cse9":{"comment":"","kind":"variable","type":"Real","unit":"","displayUnit":"","source":{"info":{"file":"","lineStart":0,"lineEnd":0,"colStart":0,"colEnd":0}}},
"ARO.N":{"comment":"","kind":"variable","type":"Real","unit":"","displayUnit":"","source":{"info":{"file":"C:/Users/admin/Desktop/trackingARO-integration/trackingARO-integration/Sattraj.mo","lineStart":82,"lineEnd":82,"colStart":3,"colEnd":29},"within":["Real"],"instance":"ARO"}},
"ARO.lat":{"comment":"","kind":"variable","type":"Real","unit":"","displayUnit":"","source":{"info":{"file":"C:/Users/admin/Desktop/trackingARO-integration/trackingARO-integration/Sattraj.mo","lineStart":82,"lineEnd":82,"colStart":3,"colEnd":29},"within":["Real"],"instance":"ARO"}},
"ARO.long":{"comment":"","kind":"variable","type":"Real","unit":"","displayUnit":"","source":{"info":{"file":"C:/Users/admin/Desktop/trackingARO-integration/trackingARO-integration/Sattraj.mo","lineStart":82,"lineEnd":82,"colStart":3,"colEnd":29},"within":["Real"],"instance":"ARO"}},
"ARO.x":{"comment":"","kind":"variable","type":"Real","unit":"","displayUnit":"","source":{"info":{"file":"C:/Users/admin/Desktop/trackingARO-integration/trackingARO-integration/Sattraj.mo","lineStart":82,"lineEnd":82,"colStart":3,"colEnd":29},"within":["Real"],"instance":"ARO"}},
"ARO.y":{"comment":"","kind":"variable","type":"Real","unit":"","displayUnit":"","source":{"info":{"file":"C:/Users/admin/Desktop/trackingARO-integration/trackingARO-integration/Sattraj.mo","lineStart":82,"lineEnd":82,"colStart":3,"colEnd":29},"within":["Real"],"instance":"ARO"}},
"ARO.z":{"comment":"","kind":"variable","type":"Real","unit":"","displayUnit":"","source":{"info":{"file":"C:/Users/admin/Desktop/trackingARO-integration/trackingARO-integration/Sattraj.mo","lineStart":82,"lineEnd":82,"colStart":3,"colEnd":29},"within":["Real"],"instance":"ARO"}},
"GPS.E":{"comment":"","kind":"variable","type":"Real","unit":"","displayUnit":"","source":{"info":{"file":"C:/Users/admin/Desktop/trackingARO-integration/trackingARO-integration/Sattraj.mo","lineStart":41,"lineEnd":41,"colStart":3,"colEnd":54},"within":["Real"],"instance":"GPS"}},
"GPS.GM":{"comment":"km^3/s^2","kind":"variable","type":"Real","unit":"","displayUnit":"","source":{"info":{"file":"C:/Users/admin/Desktop/trackingARO-integration/trackingARO-integration/Sattraj.mo","lineStart":44,"lineEnd":44,"colStart":3,"colEnd":35},"within":["Real"],"instance":"GPS"}},
"GPS.Mean":{"comment":"","kind":"variable","type":"Real","unit":"","displayUnit":"","source":{"info":{"file":"C:/Users/admin/Desktop/trackingARO-integration/trackingARO-integration/Sattraj.mo","lineStart":41,"lineEnd":41,"colStart":3,"colEnd":54},"within":["Real"],"instance":"GPS"}},
"GPS.a":{"comment":"","kind":"variable","type":"Real","unit":"","displayUnit":"","source":{"info":{"file":"C:/Users/admin/Desktop/trackingARO-integration/trackingARO-integration/Sattraj.mo","lineStart":41,"lineEnd":41,"colStart":3,"colEnd":54},"within":["Real"],"instance":"GPS"}},
"GPS.dr":{"comment":"","kind":"variable","type":"Real","unit":"","displayUnit":"","source":{"info":{"file":"C:/Users/admin/Desktop/trackingARO-integration/trackingARO-integration/Sattraj.mo","lineStart":41,"lineEnd":41,"colStart":3,"colEnd":54},"within":["Real"],"instance":"GPS"}},
"GPS.dx":{"comment":"","kind":"variable","type":"Real","unit":"","displayUnit":"","source":{"info":{"file":"C:/Users/admin/Desktop/trackingARO-integration/trackingARO-integration/Sattraj.mo","lineStart":41,"lineEnd":41,"colStart":3,"colEnd":54},"within":["Real"],"instance":"GPS"}},
"GPS.dy":{"comment":"","kind":"variable","type":"Real","unit":"","displayUnit":"","source":{"info":{"file":"C:/Users/admin/Desktop/trackingARO-integration/trackingARO-integration/Sattraj.mo","lineStart":41,"lineEnd":41,"colStart":3,"colEnd":54},"within":["Real"],"instance":"GPS"}},
"GPS.h":{"comment":"","kind":"variable","type":"Real","unit":"","displayUnit":"","source":{"info":{"file":"C:/Users/admin/Desktop/trackingARO-integration/trackingARO-integration/Sattraj.mo","lineStart":41,"lineEnd":41,"colStart":3,"colEnd":54},"within":["Real"],"instance":"GPS"}},
"GPS.n":{"comment":"","kind":"variable","type":"Real","unit":"","displayUnit":"","source":{"info":{"file":"C:/Users/admin/Desktop/trackingARO-integration/trackingARO-integration/Sattraj.mo","lineStart":41,"lineEnd":41,"colStart":3,"colEnd":54},"within":["Real"],"instance":"GPS"}},
"GPS.p_sat_p.z":{"comment":"","kind":"variable","type":"Real","unit":"","displayUnit":"","source":{"info":{"file":"C:/Users/admin/Desktop/trackingARO-integration/trackingARO-integration/Sattraj.mo","lineStart":5,"lineEnd":5,"colStart":3,"colEnd":9},"within":["Real"],"instance":"GPSp_sat_p"}},
"GPS.pi":{"comment":"","kind":"variable","type":"Real","unit":"","displayUnit":"","source":{"info":{"file":"C:/Users/admin/Desktop/trackingARO-integration/trackingARO-integration/Sattraj.mo","lineStart":43,"lineEnd":43,"colStart":3,"colEnd":30},"within":["Real"],"instance":"GPS"}},
"GPS.r":{"comment":"","kind":"variable","type":"Real","unit":"","displayUnit":"","source":{"info":{"file":"C:/Users/admin/Desktop/trackingARO-integration/trackingARO-integration/Sattraj.mo","lineStart":41,"lineEnd":41,"colStart":3,"colEnd":54},"within":["Real"],"instance":"GPS"}},
"GPS.theta":{"comment":"","kind":"variable","type":"Real","unit":"","displayUnit":"","source":{"info":{"file":"C:/Users/admin/Desktop/trackingARO-integration/trackingARO-integration/Sattraj.mo","lineStart":41,"lineEnd":41,"colStart":3,"colEnd":54},"within":["Real"],"instance":"GPS"}},
"GPS.v_sat_p.z":{"comment":"","kind":"variable","type":"Real","unit":"","displayUnit":"","source":{"info":{"file":"C:/Users/admin/Desktop/trackingARO-integration/trackingARO-integration/Sattraj.mo","lineStart":5,"lineEnd":5,"colStart":3,"colEnd":9},"within":["Real"],"instance":"GPSv_sat_p"}},
"GPS.x":{"comment":"","kind":"variable","type":"Real","unit":"","displayUnit":"","source":{"info":{"file":"C:/Users/admin/Desktop/trackingARO-integration/trackingARO-integration/Sattraj.mo","lineStart":41,"lineEnd":41,"colStart":3,"colEnd":54},"within":["Real"],"instance":"GPS"}},
"GPS.y":{"comment":"","kind":"variable","type":"Real","unit":"","displayUnit":"","source":{"info":{"file":"C:/Users/admin/Desktop/trackingARO-integration/trackingARO-integration/Sattraj.mo","lineStart":41,"lineEnd":41,"colStart":3,"colEnd":54},"within":["Real"],"instance":"GPS"}},
"azimuth2":{"comment":"","kind":"variable","type":"Real","unit":"","displayUnit":"","source":{"info":{"file":"C:/Users/admin/Desktop/trackingARO-integration/trackingARO-integration/Sattraj.mo","lineStart":25,"lineEnd":25,"colStart":3,"colEnd":51},"within":["Real"]}},
"dAz2":{"comment":"","kind":"variable","type":"Real","unit":"","displayUnit":"","source":{"info":{"file":"C:/Users/admin/Desktop/trackingARO-integration/trackingARO-integration/Sattraj.mo","lineStart":25,"lineEnd":25,"colStart":3,"colEnd":51},"within":["Real"]}},
"dEl2":{"comment":"","kind":"variable","type":"Real","unit":"","displayUnit":"","source":{"info":{"file":"C:/Users/admin/Desktop/trackingARO-integration/trackingARO-integration/Sattraj.mo","lineStart":25,"lineEnd":25,"colStart":3,"colEnd":51},"within":["Real"]}},
"elevation2":{"comment":"","kind":"variable","type":"Real","unit":"","displayUnit":"","source":{"info":{"file":"C:/Users/admin/Desktop/trackingARO-integration/trackingARO-integration/Sattraj.mo","lineStart":25,"lineEnd":25,"colStart":3,"colEnd":51},"within":["Real"]}},
"p.x":{"comment":"","kind":"variable","type":"Real","unit":"","displayUnit":"","source":{"info":{"file":"C:/Users/admin/Desktop/trackingARO-integration/trackingARO-integration/Sattraj.mo","lineStart":3,"lineEnd":3,"colStart":3,"colEnd":9},"within":["Real"],"instance":"p"}},
"p.y":{"comment":"","kind":"variable","type":"Real","unit":"","displayUnit":"","source":{"info":{"file":"C:/Users/admin/Desktop/trackingARO-integration/trackingARO-integration/Sattraj.mo","lineStart":4,"lineEnd":4,"colStart":3,"colEnd":9},"within":["Real"],"instance":"p"}},
"p.z":{"comment":"","kind":"variable","type":"Real","unit":"","displayUnit":"","source":{"info":{"file":"C:/Users/admin/Desktop/trackingARO-integration/trackingARO-integration/Sattraj.mo","lineStart":5,"lineEnd":5,"colStart":3,"colEnd":9},"within":["Real"],"instance":"p"}},
"p2.x":{"comment":"","kind":"variable","type":"Real","unit":"","displayUnit":"","source":{"info":{"file":"C:/Users/admin/Desktop/trackingARO-integration/trackingARO-integration/Sattraj.mo","lineStart":3,"lineEnd":3,"colStart":3,"colEnd":9},"within":["Real"],"instance":"p2"}},
"p2.y":{"comment":"","kind":"variable","type":"Real","unit":"","displayUnit":"","source":{"info":{"file":"C:/Users/admin/Desktop/trackingARO-integration/trackingARO-integration/Sattraj.mo","lineStart":4,"lineEnd":4,"colStart":3,"colEnd":9},"within":["Real"],"instance":"p2"}},
"p2.z":{"comment":"","kind":"variable","type":"Real","unit":"","displayUnit":"","source":{"info":{"file":"C:/Users/admin/Desktop/trackingARO-integration/trackingARO-integration/Sattraj.mo","lineStart":5,"lineEnd":5,"colStart":3,"colEnd":9},"within":["Real"],"instance":"p2"}},
"p3.x":{"comment":"","kind":"variable","type":"Real","unit":"","displayUnit":"","source":{"info":{"file":"C:/Users/admin/Desktop/trackingARO-integration/trackingARO-integration/Sattraj.mo","lineStart":3,"lineEnd":3,"colStart":3,"colEnd":9},"within":["Real"],"instance":"p3"}},
"p3.y":{"comment":"","kind":"variable","type":"Real","unit":"","displayUnit":"","source":{"info":{"file":"C:/Users/admin/Desktop/trackingARO-integration/trackingARO-integration/Sattraj.mo","lineStart":4,"lineEnd":4,"colStart":3,"colEnd":9},"within":["Real"],"instance":"p3"}},
"p3.z":{"comment":"","kind":"variable","type":"Real","unit":"","displayUnit":"","source":{"info":{"file":"C:/Users/admin/Desktop/trackingARO-integration/trackingARO-integration/Sattraj.mo","lineStart":5,"lineEnd":5,"colStart":3,"colEnd":9},"within":["Real"],"instance":"p3"}},
"theta2":{"comment":"","kind":"variable","type":"Real","unit":"","displayUnit":"","source":{"info":{"file":"C:/Users/admin/Desktop/trackingARO-integration/trackingARO-integration/Sattraj.mo","lineStart":25,"lineEnd":25,"colStart":3,"colEnd":51},"within":["Real"]}},
"v.x":{"comment":"","kind":"variable","type":"Real","unit":"","displayUnit":"","source":{"info":{"file":"C:/Users/admin/Desktop/trackingARO-integration/trackingARO-integration/Sattraj.mo","lineStart":3,"lineEnd":3,"colStart":3,"colEnd":9},"within":["Real"],"instance":"v"}},
"v.y":{"comment":"","kind":"variable","type":"Real","unit":"","displayUnit":"","source":{"info":{"file":"C:/Users/admin/Desktop/trackingARO-integration/trackingARO-integration/Sattraj.mo","lineStart":4,"lineEnd":4,"colStart":3,"colEnd":9},"within":["Real"],"instance":"v"}},
"v.z":{"comment":"","kind":"variable","type":"Real","unit":"","displayUnit":"","source":{"info":{"file":"C:/Users/admin/Desktop/trackingARO-integration/trackingARO-integration/Sattraj.mo","lineStart":5,"lineEnd":5,"colStart":3,"colEnd":9},"within":["Real"],"instance":"v"}},
"v2.x":{"comment":"","kind":"variable","type":"Real","unit":"","displayUnit":"","source":{"info":{"file":"C:/Users/admin/Desktop/trackingARO-integration/trackingARO-integration/Sattraj.mo","lineStart":3,"lineEnd":3,"colStart":3,"colEnd":9},"within":["Real"],"instance":"v2"}},
"v2.y":{"comment":"","kind":"variable","type":"Real","unit":"","displayUnit":"","source":{"info":{"file":"C:/Users/admin/Desktop/trackingARO-integration/trackingARO-integration/Sattraj.mo","lineStart":4,"lineEnd":4,"colStart":3,"colEnd":9},"within":["Real"],"instance":"v2"}},
"v2.z":{"comment":"","kind":"variable","type":"Real","unit":"","displayUnit":"","source":{"info":{"file":"C:/Users/admin/Desktop/trackingARO-integration/trackingARO-integration/Sattraj.mo","lineStart":5,"lineEnd":5,"colStart":3,"colEnd":9},"within":["Real"],"instance":"v2"}},
"v3.x":{"comment":"","kind":"variable","type":"Real","unit":"","displayUnit":"","source":{"info":{"file":"C:/Users/admin/Desktop/trackingARO-integration/trackingARO-integration/Sattraj.mo","lineStart":3,"lineEnd":3,"colStart":3,"colEnd":9},"within":["Real"],"instance":"v3"}},
"v3.y":{"comment":"","kind":"variable","type":"Real","unit":"","displayUnit":"","source":{"info":{"file":"C:/Users/admin/Desktop/trackingARO-integration/trackingARO-integration/Sattraj.mo","lineStart":4,"lineEnd":4,"colStart":3,"colEnd":9},"within":["Real"],"instance":"v3"}},
"v3.z":{"comment":"","kind":"variable","type":"Real","unit":"","displayUnit":"","source":{"info":{"file":"C:/Users/admin/Desktop/trackingARO-integration/trackingARO-integration/Sattraj.mo","lineStart":5,"lineEnd":5,"colStart":3,"colEnd":9},"within":["Real"],"instance":"v3"}},
"ARO.elevation":{"comment":"Station elevation (m)","kind":"parameter","type":"Real","unit":"","displayUnit":"","source":{"info":{"file":"C:/Users/admin/Desktop/trackingARO-integration/trackingARO-integration/Sattraj.mo","lineStart":78,"lineEnd":78,"colStart":3,"colEnd":56},"within":["Real"],"instance":"ARO"}},
"ARO.longitude":{"comment":"Station longitude (deg)","kind":"parameter","type":"Real","unit":"","displayUnit":"","source":{"info":{"file":"C:/Users/admin/Desktop/trackingARO-integration/trackingARO-integration/Sattraj.mo","lineStart":76,"lineEnd":76,"colStart":3,"colEnd":58},"within":["Real"],"instance":"ARO"}},
"GPS.M0":{"comment":"Mean anomaly at epoch (deg)","kind":"parameter","type":"Real","unit":"","displayUnit":"","source":{"info":{"file":"C:/Users/admin/Desktop/trackingARO-integration/trackingARO-integration/Sattraj.mo","lineStart":36,"lineEnd":36,"colStart":3,"colEnd":61},"within":["Real"],"instance":"GPS"}},
"GPS.N0":{"comment":"Mean motion at Epoch (rev/d)","kind":"parameter","type":"Real","unit":"","displayUnit":"","source":{"info":{"file":"C:/Users/admin/Desktop/trackingARO-integration/trackingARO-integration/Sattraj.mo","lineStart":37,"lineEnd":37,"colStart":3,"colEnd":70},"within":["Real"],"instance":"GPS"}},
"GPS.Nddot6":{"comment":"TLE paramter rev/d^3","kind":"parameter","type":"Real","unit":"","displayUnit":"","source":{"info":{"file":"C:/Users/admin/Desktop/trackingARO-integration/trackingARO-integration/Sattraj.mo","lineStart":39,"lineEnd":39,"colStart":3,"colEnd":52},"within":["Real"],"instance":"GPS"}},
"GPS.Ndot2":{"comment":"TLE drag paramter rev/d^2","kind":"parameter","type":"Real","unit":"","displayUnit":"","source":{"info":{"file":"C:/Users/admin/Desktop/trackingARO-integration/trackingARO-integration/Sattraj.mo","lineStart":38,"lineEnd":38,"colStart":3,"colEnd":64},"within":["Real"],"instance":"GPS"}},
"GPS.ecc":{"comment":"Eccentriciy","kind":"parameter","type":"Real","unit":"","displayUnit":"","source":{"info":{"file":"C:/Users/admin/Desktop/trackingARO-integration/trackingARO-integration/Sattraj.mo","lineStart":35,"lineEnd":35,"colStart":3,"colEnd":47},"within":["Real"],"instance":"GPS"}},
"GPS.tstart":{"comment":"Simulation start time,seconds since Epoch (s)","kind":"parameter","type":"Real","unit":"","displayUnit":"","source":{"info":{"file":"C:/Users/admin/Desktop/trackingARO-integration/trackingARO-integration/Sattraj.mo","lineStart":40,"lineEnd":40,"colStart":3,"colEnd":76},"within":["Real"],"instance":"GPS"}},
"argper2":{"comment":"","kind":"parameter","type":"Real","unit":"","displayUnit":"","source":{"info":{"file":"C:/Users/admin/Desktop/trackingARO-integration/trackingARO-integration/Sattraj.mo","lineStart":11,"lineEnd":11,"colStart":3,"colEnd":28},"within":["Real"]}},
"az_vel_lim2":{"comment":"","kind":"parameter","type":"Real","unit":"","displayUnit":"","source":{"info":{"file":"C:/Users/admin/Desktop/trackingARO-integration/trackingARO-integration/Sattraj.mo","lineStart":14,"lineEnd":14,"colStart":3,"colEnd":32},"within":["Real"]}},
"din2":{"comment":"","kind":"parameter","type":"Real","unit":"","displayUnit":"","source":{"info":{"file":"C:/Users/admin/Desktop/trackingARO-integration/trackingARO-integration/Sattraj.mo","lineStart":12,"lineEnd":12,"colStart":3,"colEnd":25},"within":["Real"]}},
"el_vel_lim2":{"comment":"","kind":"parameter","type":"Real","unit":"","displayUnit":"","source":{"info":{"file":"C:/Users/admin/Desktop/trackingARO-integration/trackingARO-integration/Sattraj.mo","lineStart":15,"lineEnd":15,"colStart":3,"colEnd":32},"within":["Real"]}},
"inc2":{"comment":"","kind":"parameter","type":"Real","unit":"","displayUnit":"","source":{"info":{"file":"C:/Users/admin/Desktop/trackingARO-integration/trackingARO-integration/Sattraj.mo","lineStart":10,"lineEnd":10,"colStart":3,"colEnd":26},"within":["Real"]}},
"raan2":{"comment":"","kind":"parameter","type":"Real","unit":"","displayUnit":"","source":{"info":{"file":"C:/Users/admin/Desktop/trackingARO-integration/trackingARO-integration/Sattraj.mo","lineStart":9,"lineEnd":9,"colStart":3,"colEnd":26},"within":["Real"]}},
"tm2":{"comment":"","kind":"parameter","type":"Real","unit":"","displayUnit":"","source":{"info":{"file":"C:/Users/admin/Desktop/trackingARO-integration/trackingARO-integration/Sattraj.mo","lineStart":13,"lineEnd":13,"colStart":3,"colEnd":24},"within":["Real"]}},
"ARO.a":{"comment":"Earth reference ellipsoid equatorial radius (m)","kind":"constant","type":"Real","unit":"","displayUnit":"","source":{"info":{"file":"C:/Users/admin/Desktop/trackingARO-integration/trackingARO-integration/Sattraj.mo","lineStart":79,"lineEnd":79,"colStart":3,"colEnd":78},"within":["Real"],"instance":"ARO"}},
"ARO.pi":{"comment":"","kind":"constant","type":"Real","unit":"","displayUnit":"","source":{"info":{"file":"C:/Users/admin/Desktop/trackingARO-integration/trackingARO-integration/Sattraj.mo","lineStart":81,"lineEnd":81,"colStart":3,"colEnd":39},"within":["Real"],"instance":"ARO"}},
"$cse9.$pDERNLSJac0.dummyVarNLSJac0":{"comment":"","kind":"jacobian variable","type":"Real","unit":"","displayUnit":"","source":{"info":{"file":"","lineStart":0,"lineEnd":0,"colStart":0,"colEnd":0}}},
"$cse10":{"comment":"","kind":"jacobian variable","type":"Real","unit":"","displayUnit":"","source":{"info":{"file":"","lineStart":0,"lineEnd":0,"colStart":0,"colEnd":0}}}
},
"equations":[{"eqIndex":0,"tag":"dummy"},
{"eqIndex":1,"section":"initial","tag":"assign","defines":["ARO.long"],"uses":["ARO.longitude"],"equation":["0.0174532925199433 * ARO.longitude"],"source":{"info":{"file":"C:/Users/admin/Desktop/trackingARO-integration/trackingARO-integration/Sattraj.mo","lineStart":82,"lineEnd":82,"colStart":3,"colEnd":29},"within":["Real"],"instance":"ARO"}},
{"eqIndex":2,"section":"initial","tag":"assign","defines":["ARO.lat"],"uses":["ARO.latitude"],"equation":["0.0174532925199433 * ARO.latitude"],"source":{"info":{"file":"C:/Users/admin/Desktop/trackingARO-integration/trackingARO-integration/Sattraj.mo","lineStart":82,"lineEnd":82,"colStart":3,"colEnd":29},"within":["Real"],"instance":"ARO"}},
{"eqIndex":3,"section":"initial","tag":"assign","defines":["ARO.N"],"uses":["ARO.lat"],"equation":["DIVISION(6378137.0, sqrt(1.0 + -0.006694379990141317 * sin(ARO.lat) ^ 2.0))"],"source":{"info":{"file":"C:/Users/admin/Desktop/trackingARO-integration/trackingARO-integration/Sattraj.mo","lineStart":82,"lineEnd":82,"colStart":3,"colEnd":29},"within":["Real"],"instance":"ARO"}},
{"eqIndex":4,"section":"initial","tag":"assign","defines":["ARO.z"],"uses":["ARO.lat","ARO.elevation","ARO.N"],"equation":["(0.9933056200098587 * ARO.N + ARO.elevation) * sin(ARO.lat)"],"source":{"info":{"file":"C:/Users/admin/Desktop/trackingARO-integration/trackingARO-integration/Sattraj.mo","lineStart":91,"lineEnd":91,"colStart":3,"colEnd":43},"within":["Sattraj.GndStn"],"instance":"ARO"}},
{"eqIndex":5,"section":"initial","tag":"assign","defines":["ARO.y"],"uses":["ARO.long","ARO.lat","ARO.elevation","ARO.N"],"equation":["(ARO.N + ARO.elevation) * cos(ARO.lat) * sin(ARO.long)"],"source":{"info":{"file":"C:/Users/admin/Desktop/trackingARO-integration/trackingARO-integration/Sattraj.mo","lineStart":90,"lineEnd":90,"colStart":3,"colEnd":39},"within":["Sattraj.GndStn"],"instance":"ARO"}},
{"eqIndex":6,"section":"initial","tag":"assign","defines":["ARO.x"],"uses":["ARO.long","ARO.lat","ARO.elevation","ARO.N"],"equation":["(ARO.N + ARO.elevation) * cos(ARO.lat) * cos(ARO.long)"],"source":{"info":{"file":"C:/Users/admin/Desktop/trackingARO-integration/trackingARO-integration/Sattraj.mo","lineStart":89,"lineEnd":89,"colStart":3,"colEnd":39},"within":["Sattraj.GndStn"],"instance":"ARO"}},
{"eqIndex":7,"section":"initial","tag":"assign","defines":["GPS.n"],"uses":["GPS.Nddot6","time","GPS.Ndot2","GPS.N0"],"equation":["0.004166666666666667 * GPS.N0 + 9.645061728395061e-008 * GPS.Ndot2 * time + 1.674489883401921e-012 * GPS.Nddot6 * time ^ 2.0"],"source":{"info":{"file":"C:/Users/admin/Desktop/trackingARO-integration/trackingARO-integration/Sattraj.mo","lineStart":52,"lineEnd":52,"colStart":4,"colEnd":96},"within":["Sattraj.Satellite"],"instance":"GPS"}},
{"eqIndex":8,"section":"initial","tag":"assign","defines":["der(GPS.M)"],"uses":["GPS.n"],"equation":["GPS.n"],"source":{"info":{"file":"C:/Users/admin/Desktop/trackingARO-integration/trackingARO-integration/Sattraj.mo","lineStart":53,"lineEnd":53,"colStart":4,"colEnd":12},"within":["Sattraj.Satellite"],"instance":"GPS"}},
{"eqIndex":9,"section":"initial","tag":"assign","defines":["GPS.a"],"uses":["GPS.n"],"equation":["DIVISION(398600.4418, (-0.0174532925199433 * GPS.n) ^ 2.0) ^ 0.3333333333333333"],"source":{"info":{"file":"C:/Users/admin/Desktop/trackingARO-integration/trackingARO-integration/Sattraj.mo","lineStart":57,"lineEnd":57,"colStart":4,"colEnd":42},"within":["Sattraj.Satellite"],"instance":"GPS"}},
{"eqIndex":10,"section":"initial","tag":"assign","defines":["theta2"],"uses":["tm2","din2"],"equation":["Sattraj.theta_t(din2, tm2)"],"source":{"info":{"file":"C:/Users/admin/Desktop/trackingARO-integration/trackingARO-integration/Sattraj.mo","lineStart":28,"lineEnd":28,"colStart":3,"colEnd":29},"within":["Sattraj.Master"]}},
{"eqIndex":11,"section":"initial","tag":"assign","defines":["GPS.M"],"uses":["GPS.Nddot6","GPS.Ndot2","GPS.tstart","GPS.N0","GPS.M0"],"equation":["GPS.M0 + 0.004166666666666667 * GPS.N0 * GPS.tstart + 360.0 * (GPS.Ndot2 * (1.157407407407407e-005 * GPS.tstart) ^ 2.0 + GPS.Nddot6 * (1.157407407407407e-005 * GPS.tstart) ^ 3.0)"],"source":{"info":{"file":"C:/Users/admin/Desktop/trackingARO-integration/trackingARO-integration/Sattraj.mo","lineStart":49,"lineEnd":49,"colStart":4,"colEnd":97},"within":["Sattraj.Satellite"],"instance":"GPS"}},
{"eqIndex":12,"parent":13,"section":"initial","tag":"residual","uses":["GPS.M","GPS.ecc","GPS.E"],"equation":["GPS.E + GPS.ecc * sin(GPS.E) + -0.0174532925199433 * GPS.M"],"source":{"info":{"file":"C:/Users/admin/Desktop/trackingARO-integration/trackingARO-integration/Sattraj.mo","lineStart":54,"lineEnd":54,"colStart":4,"colEnd":44},"within":["Sattraj.Satellite"],"instance":"GPS"}},
{"eqIndex":13,"section":"initial","tag":"system","display":"non-linear","unknowns":1,"defines":["GPS.E"],"equation":[[12],[]]},
{"eqIndex":14,"section":"initial","tag":"assign","defines":["$TMP$VAR$14$0Y$TAN"],"uses":["GPS.ecc","GPS.E"],"equation":["DIVISION(tan(0.5 * GPS.E), sqrt(DIVISION(1.0 - GPS.ecc, 1.0 + GPS.ecc)))"],"source":{"info":{"file":"","lineStart":0,"lineEnd":0,"colStart":0,"colEnd":0}}},
{"eqIndex":15,"section":"initial","tag":"assign","defines":["$TMP$VAR$14$0ATAN$TAN"],"uses":["$TMP$VAR$14$0Y$TAN"],"equation":["atan($TMP$VAR$14$0Y$TAN)"],"source":{"info":{"file":"","lineStart":0,"lineEnd":0,"colStart":0,"colEnd":0}}},
{"eqIndex":16,"section":"initial","tag":"assign","defines":["$TMP$VAR$14$0PREX$TAN"],"uses":["GPS.theta"],"equation":["if initial() then if pre(GPS.theta) == 0.0 then 1.0 else 0.5 * pre(GPS.theta) else 0.5 * pre(GPS.theta)"],"source":{"info":{"file":"","lineStart":0,"lineEnd":0,"colStart":0,"colEnd":0}}},
{"eqIndex":17,"section":"initial","tag":"assign","defines":["GPS.theta"],"uses":["$TMP$VAR$14$0PREX$TAN","$TMP$VAR$14$0ATAN$TAN"],"equation":["2.0 * $TMP$VAR$14$0ATAN$TAN + 6.283185307179586 * $_round(($TMP$VAR$14$0PREX$TAN - $TMP$VAR$14$0ATAN$TAN) / 3.141592653589793)"],"source":{"info":{"file":"C:/Users/admin/Desktop/trackingARO-integration/trackingARO-integration/Sattraj.mo","lineStart":56,"lineEnd":56,"colStart":4,"colEnd":53},"within":["Sattraj.Satellite"],"instance":"GPS"}},
{"eqIndex":18,"section":"initial","tag":"assign","defines":["GPS.r"],"uses":["GPS.theta","GPS.ecc","GPS.a"],"equation":["GPS.a * DIVISION(1.0 - GPS.ecc ^ 2.0, 1.0 + GPS.ecc * cos(GPS.theta))"],"source":{"info":{"file":"C:/Users/admin/Desktop/trackingARO-integration/trackingARO-integration/Sattraj.mo","lineStart":58,"lineEnd":58,"colStart":4,"colEnd":42},"within":["Sattraj.Satellite"],"instance":"GPS"}},
{"eqIndex":19,"section":"initial","tag":"assign","defines":["GPS.x"],"uses":["GPS.theta","GPS.r"],"equation":["GPS.r * cos(GPS.theta)"],"source":{"info":{"file":"C:/Users/admin/Desktop/trackingARO-integration/trackingARO-integration/Sattraj.mo","lineStart":59,"lineEnd":59,"colStart":4,"colEnd":20},"within":["Sattraj.Satellite"],"instance":"GPS"}},
{"eqIndex":20,"section":"initial","tag":"assign","defines":["GPS.y"],"uses":["GPS.theta","GPS.r"],"equation":["GPS.r * sin(GPS.theta)"],"source":{"info":{"file":"C:/Users/admin/Desktop/trackingARO-integration/trackingARO-integration/Sattraj.mo","lineStart":60,"lineEnd":60,"colStart":4,"colEnd":20},"within":["Sattraj.Satellite"],"instance":"GPS"}},
{"eqIndex":21,"section":"initial","tag":"assign","defines":["$TMP$VAR$21$0X$ABS"],"uses":["GPS.h"],"equation":["pre(GPS.h)"],"source":{"info":{"file":"","lineStart":0,"lineEnd":0,"colStart":0,"colEnd":0}}},
{"eqIndex":22,"section":"initial","tag":"assign","defines":["GPS.h"],"uses":["GPS.theta","GPS.ecc","GPS.r","$TMP$VAR$21$0X$ABS"],"equation":["$_signNoNull($TMP$VAR$21$0X$ABS) * abs(-398600.4418 ^ 0.5 * (-GPS.r) ^ 0.5 * (1.0 + GPS.ecc * cos(GPS.theta)) ^ 0.5)"],"source":{"info":{"file":"C:/Users/admin/Desktop/trackingARO-integration/trackingARO-integration/Sattraj.mo","lineStart":61,"lineEnd":61,"colStart":4,"colEnd":37},"within":["Sattraj.Satellite"],"instance":"GPS"}},
{"eqIndex":23,"section":"initial","tag":"assign","defines":["GPS.dr"],"uses":["GPS.h","GPS.theta","GPS.ecc"],"equation":["398600.4418 * GPS.ecc * DIVISION(sin(GPS.theta), GPS.h)"],"source":{"info":{"file":"C:/Users/admin/Desktop/trackingARO-integration/trackingARO-integration/Sattraj.mo","lineStart":62,"lineEnd":62,"colStart":4,"colEnd":30},"within":["Sattraj.Satellite"],"instance":"GPS"}},
{"eqIndex":24,"section":"initial","tag":"assign","defines":["GPS.dx"],"uses":["GPS.h","GPS.theta"],"equation":["-398600.4418 * DIVISION(sin(GPS.theta), GPS.h)"],"source":{"info":{"file":"C:/Users/admin/Desktop/trackingARO-integration/trackingARO-integration/Sattraj.mo","lineStart":63,"lineEnd":63,"colStart":4,"colEnd":27},"within":["Sattraj.Satellite"],"instance":"GPS"}},
{"eqIndex":25,"section":"initial","tag":"assign","defines":["GPS.dy"],"uses":["GPS.h","GPS.theta","GPS.ecc"],"equation":["398600.4418 * DIVISION(GPS.ecc + cos(GPS.theta), GPS.h)"],"source":{"info":{"file":"C:/Users/admin/Desktop/trackingARO-integration/trackingARO-integration/Sattraj.mo","lineStart":64,"lineEnd":64,"colStart":4,"colEnd":34},"within":["Sattraj.Satellite"],"instance":"GPS"}},
{"eqIndex":26,"section":"initial","tag":"algorithm","equation":["(p, v) := Sattraj.sat_ECI(Sattraj.Vector(GPS.x, GPS.y, 0.0), Sattraj.Vector(GPS.dx, GPS.dy, 0.0), GPS.ecc, raan2, inc2, argper2, GPS.N0);"],"source":{"info":{"file":"C:/Users/admin/Desktop/trackingARO-integration/trackingARO-integration/Sattraj.mo","lineStart":27,"lineEnd":27,"colStart":3,"colEnd":77},"within":["Sattraj.Master"]}},
{"eqIndex":27,"section":"initial","tag":"algorithm","equation":["(p2, v2) := Sattraj.sat_ECF(p, v, theta2);"],"source":{"info":{"file":"C:/Users/admin/Desktop/trackingARO-integration/trackingARO-integration/Sattraj.mo","lineStart":29,"lineEnd":29,"colStart":3,"colEnd":32},"within":["Sattraj.Master"]}},
{"eqIndex":28,"section":"initial","tag":"algorithm","equation":["(p3, v3) := Sattraj.range_ECF2topo(p2, v2, Sattraj.Vector(ARO.x, ARO.y, ARO.z), ARO.longitude, ARO.latitude);"],"source":{"info":{"file":"C:/Users/admin/Desktop/trackingARO-integration/trackingARO-integration/Sattraj.mo","lineStart":30,"lineEnd":30,"colStart":3,"colEnd":76},"within":["Sattraj.Master"]}},
{"eqIndex":29,"section":"initial","tag":"algorithm","equation":["(azimuth2, elevation2, dAz2, dEl2) := Sattraj.range_topo2look_angles(az_vel_lim2, el_vel_lim2, p, v);"],"source":{"info":{"file":"C:/Users/admin/Desktop/trackingARO-integration/trackingARO-integration/Sattraj.mo","lineStart":31,"lineEnd":31,"colStart":3,"colEnd":88},"within":["Sattraj.Master"]}},
{"eqIndex":30,"section":"initial","tag":"assign","defines":["GPS.Mean"],"uses":["GPS.M"],"equation":["mod(GPS.M, 360.0)"],"source":{"info":{"file":"C:/Users/admin/Desktop/trackingARO-integration/trackingARO-integration/Sattraj.mo","lineStart":55,"lineEnd":55,"colStart":4,"colEnd":22},"within":["Sattraj.Satellite"],"instance":"GPS"}},
{"eqIndex":31,"section":"initial","tag":"assign","defines":["GPS.v_sat_p.z"],"uses":[],"equation":["0.0"],"source":{"info":{"file":"C:/Users/admin/Desktop/trackingARO-integration/trackingARO-integration/Sattraj.mo","lineStart":5,"lineEnd":5,"colStart":3,"colEnd":9},"within":["Real"],"instance":"GPSv_sat_p"}},
{"eqIndex":32,"section":"initial","tag":"assign","defines":["GPS.p_sat_p.z"],"uses":[],"equation":["0.0"],"source":{"info":{"file":"C:/Users/admin/Desktop/trackingARO-integration/trackingARO-integration/Sattraj.mo","lineStart":5,"lineEnd":5,"colStart":3,"colEnd":9},"within":["Real"],"instance":"GPSp_sat_p"}},
{"eqIndex":33,"section":"initial","tag":"assign","defines":["GPS.GM"],"uses":[],"equation":["398600.4418"],"source":{"info":{"file":"C:/Users/admin/Desktop/trackingARO-integration/trackingARO-integration/Sattraj.mo","lineStart":44,"lineEnd":44,"colStart":3,"colEnd":35},"within":["Real"],"instance":"GPS"}},
{"eqIndex":34,"section":"initial","tag":"assign","defines":["GPS.pi"],"uses":[],"equation":["3.141592653589793"],"source":{"info":{"file":"C:/Users/admin/Desktop/trackingARO-integration/trackingARO-integration/Sattraj.mo","lineStart":43,"lineEnd":43,"colStart":3,"colEnd":30},"within":["Real"],"instance":"GPS"}},
{"eqIndex":35,"section":"regular","tag":"assign","defines":["ARO.x"],"uses":["$cse4","$cse2","ARO.elevation","ARO.N"],"equation":["(ARO.N + ARO.elevation) * $cse2 * $cse4"],"source":{"info":{"file":"","lineStart":0,"lineEnd":0,"colStart":0,"colEnd":0}}},
{"eqIndex":36,"section":"regular","tag":"assign","defines":["ARO.y"],"uses":["$cse3","$cse2","ARO.elevation","ARO.N"],"equation":["(ARO.N + ARO.elevation) * $cse2 * $cse3"],"source":{"info":{"file":"","lineStart":0,"lineEnd":0,"colStart":0,"colEnd":0}}},
{"eqIndex":37,"section":"regular","tag":"assign","defines":["ARO.z"],"uses":["$cse1","ARO.elevation","ARO.N"],"equation":["(0.9933056200098587 * ARO.N + ARO.elevation) * $cse1"],"source":{"info":{"file":"","lineStart":0,"lineEnd":0,"colStart":0,"colEnd":0}}},
{"eqIndex":38,"section":"regular","tag":"assign","defines":["GPS.Mean"],"uses":["GPS.M"],"equation":["mod(GPS.M, 360.0, 0)"],"source":{"info":{"file":"C:/Users/admin/Desktop/trackingARO-integration/trackingARO-integration/Sattraj.mo","lineStart":55,"lineEnd":55,"colStart":4,"colEnd":22},"within":["Sattraj.Satellite"],"instance":"GPS"}},
{"eqIndex":39,"parent":44,"section":"regular","tag":"torn","defines":["$cse9"],"uses":["GPS.E"],"equation":["sin(GPS.E)"],"source":{"info":{"file":"","lineStart":0,"lineEnd":0,"colStart":0,"colEnd":0}}},
{"eqIndex":40,"parent":44,"section":"regular","tag":"residual","uses":["GPS.M","GPS.E","$cse9","GPS.ecc"],"equation":["GPS.ecc * $cse9 + GPS.E + -0.0174532925199433 * GPS.M"],"source":{"info":{"file":"C:/Users/admin/Desktop/trackingARO-integration/trackingARO-integration/Sattraj.mo","lineStart":54,"lineEnd":54,"colStart":4,"colEnd":44},"within":["Sattraj.Satellite"],"instance":"GPS"}},
{"eqIndex":41,"parent":44,"section":"regular","tag":"jacobian","defines":["$cse10"],"uses":["GPS.E"],"equation":["cos(GPS.E)"],"source":{"info":{"file":"","lineStart":0,"lineEnd":0,"colStart":0,"colEnd":0}}},
{"eqIndex":42,"parent":44,"section":"regular","tag":"jacobian","defines":["$cse9.$pDERNLSJac0.dummyVarNLSJac0"],"uses":["GPS_ESeedNLSJac0","$cse10"],"equation":["$cse10 * GPS_ESeedNLSJac0"],"source":{"info":{"file":"","lineStart":0,"lineEnd":0,"colStart":0,"colEnd":0}}},
{"eqIndex":43,"parent":44,"section":"regular","tag":"jacobian","defines":["$res.1.$pDERNLSJac0.dummyVarNLSJac0"],"uses":["GPS_ESeedNLSJac0","$cse9.$pDERNLSJac0.dummyVarNLSJac0","GPS.ecc"],"equation":["GPS.ecc * $cse9.$pDERNLSJac0.dummyVarNLSJac0 + GPS_ESeedNLSJac0"],"source":{"info":{"file":"C:/Users/admin/Desktop/trackingARO-integration/trackingARO-integration/Sattraj.mo","lineStart":54,"lineEnd":54,"colStart":4,"colEnd":44},"within":["Sattraj.Satellite"],"instance":"GPS"}},
{"eqIndex":44,"section":"regular","tag":"tornsystem","display":"non-linear","unknowns":2,"defines":["GPS.E"],"equation":[[39,40],[41,42,43]]},
{"eqIndex":45,"section":"regular","tag":"assign","defines":["$cse7"],"uses":["GPS.E"],"equation":["tan(0.5 * GPS.E)"],"source":{"info":{"file":"","lineStart":0,"lineEnd":0,"colStart":0,"colEnd":0}}},
{"eqIndex":46,"section":"regular","tag":"assign","defines":["$cse8"],"uses":["GPS.ecc","$cse7"],"equation":["DIVISION($cse7, sqrt(DIVISION(1.0 - GPS.ecc, 1.0 + GPS.ecc)))"],"source":{"info":{"file":"C:/Users/admin/Desktop/trackingARO-integration/trackingARO-integration/Sattraj.mo","lineStart":56,"lineEnd":56,"colStart":4,"colEnd":53},"within":["Sattraj.Satellite"],"instance":"GPS"}},
{"eqIndex":47,"section":"regular","tag":"assign","defines":["$TMP$VAR$47$0ATAN$TAN"],"uses":["$cse8"],"equation":["atan($cse8)"],"source":{"info":{"file":"","lineStart":0,"lineEnd":0,"colStart":0,"colEnd":0}}},
{"eqIndex":48,"section":"regular","tag":"assign","defines":["$TMP$VAR$47$0PREX$TAN"],"uses":["GPS.theta"],"equation":["if initial() then if pre(GPS.theta) == 0.0 then 1.0 else 0.5 * pre(GPS.theta) else 0.5 * pre(GPS.theta)"],"source":{"info":{"file":"","lineStart":0,"lineEnd":0,"colStart":0,"colEnd":0}}},
{"eqIndex":49,"section":"regular","tag":"assign","defines":["GPS.theta"],"uses":["$TMP$VAR$47$0PREX$TAN","$TMP$VAR$47$0ATAN$TAN"],"equation":["2.0 * $TMP$VAR$47$0ATAN$TAN + 6.283185307179586 * $_round(($TMP$VAR$47$0PREX$TAN - $TMP$VAR$47$0ATAN$TAN) / 3.141592653589793)"],"source":{"info":{"file":"","lineStart":0,"lineEnd":0,"colStart":0,"colEnd":0}}},
{"eqIndex":50,"section":"regular","tag":"assign","defines":["$cse6"],"uses":["GPS.theta"],"equation":["sin(GPS.theta)"],"source":{"info":{"file":"","lineStart":0,"lineEnd":0,"colStart":0,"colEnd":0}}},
{"eqIndex":51,"section":"regular","tag":"assign","defines":["$cse5"],"uses":["GPS.theta"],"equation":["cos(GPS.theta)"],"source":{"info":{"file":"","lineStart":0,"lineEnd":0,"colStart":0,"colEnd":0}}},
{"eqIndex":52,"section":"regular","tag":"assign","defines":["GPS.n"],"uses":["GPS.Nddot6","time","GPS.Ndot2","GPS.N0"],"equation":["0.004166666666666667 * GPS.N0 + 9.645061728395061e-008 * GPS.Ndot2 * time + 1.674489883401921e-012 * GPS.Nddot6 * time ^ 2.0"],"source":{"info":{"file":"C:/Users/admin/Desktop/trackingARO-integration/trackingARO-integration/Sattraj.mo","lineStart":52,"lineEnd":52,"colStart":4,"colEnd":96},"within":["Sattraj.Satellite"],"instance":"GPS"}},
{"eqIndex":53,"section":"regular","tag":"assign","defines":["der(GPS.M)"],"uses":["GPS.n"],"equation":["GPS.n"],"source":{"info":{"file":"C:/Users/admin/Desktop/trackingARO-integration/trackingARO-integration/Sattraj.mo","lineStart":53,"lineEnd":53,"colStart":4,"colEnd":12},"within":["Sattraj.Satellite"],"instance":"GPS"}},
{"eqIndex":54,"section":"regular","tag":"assign","defines":["GPS.a"],"uses":["GPS.n"],"equation":["DIVISION(398600.4418, (-0.0174532925199433 * GPS.n) ^ 2.0) ^ 0.3333333333333333"],"source":{"info":{"file":"C:/Users/admin/Desktop/trackingARO-integration/trackingARO-integration/Sattraj.mo","lineStart":57,"lineEnd":57,"colStart":4,"colEnd":42},"within":["Sattraj.Satellite"],"instance":"GPS"}},
{"eqIndex":55,"section":"regular","tag":"assign","defines":["GPS.r"],"uses":["$cse5","GPS.ecc","GPS.a"],"equation":["GPS.a * DIVISION(1.0 - GPS.ecc ^ 2.0, 1.0 + GPS.ecc * $cse5)"],"source":{"info":{"file":"C:/Users/admin/Desktop/trackingARO-integration/trackingARO-integration/Sattraj.mo","lineStart":58,"lineEnd":58,"colStart":4,"colEnd":42},"within":["Sattraj.Satellite"],"instance":"GPS"}},
{"eqIndex":56,"section":"regular","tag":"assign","defines":["GPS.x"],"uses":["$cse5","GPS.r"],"equation":["GPS.r * $cse5"],"source":{"info":{"file":"C:/Users/admin/Desktop/trackingARO-integration/trackingARO-integration/Sattraj.mo","lineStart":59,"lineEnd":59,"colStart":4,"colEnd":20},"within":["Sattraj.Satellite"],"instance":"GPS"}},
{"eqIndex":57,"section":"regular","tag":"assign","defines":["GPS.y"],"uses":["$cse6","GPS.r"],"equation":["GPS.r * $cse6"],"source":{"info":{"file":"C:/Users/admin/Desktop/trackingARO-integration/trackingARO-integration/Sattraj.mo","lineStart":60,"lineEnd":60,"colStart":4,"colEnd":20},"within":["Sattraj.Satellite"],"instance":"GPS"}},
{"eqIndex":58,"section":"regular","tag":"assign","defines":["$TMP$VAR$58$0X$ABS"],"uses":["GPS.h"],"equation":["pre(GPS.h)"],"source":{"info":{"file":"","lineStart":0,"lineEnd":0,"colStart":0,"colEnd":0}}},
{"eqIndex":59,"section":"regular","tag":"assign","defines":["GPS.h"],"uses":["$cse5","GPS.ecc","GPS.r","$TMP$VAR$58$0X$ABS"],"equation":["$_signNoNull($TMP$VAR$58$0X$ABS) * abs(-398600.4418 ^ 0.5 * (-GPS.r) ^ 0.5 * (1.0 + GPS.ecc * $cse5) ^ 0.5)"],"source":{"info":{"file":"C:/Users/admin/Desktop/trackingARO-integration/trackingARO-integration/Sattraj.mo","lineStart":61,"lineEnd":61,"colStart":4,"colEnd":37},"within":["Sattraj.Satellite"],"instance":"GPS"}},
{"eqIndex":60,"section":"regular","tag":"assign","defines":["GPS.dr"],"uses":["GPS.h","$cse6","GPS.ecc"],"equation":["398600.4418 * GPS.ecc * DIVISION($cse6, GPS.h)"],"source":{"info":{"file":"C:/Users/admin/Desktop/trackingARO-integration/trackingARO-integration/Sattraj.mo","lineStart":62,"lineEnd":62,"colStart":4,"colEnd":30},"within":["Sattraj.Satellite"],"instance":"GPS"}},
{"eqIndex":61,"section":"regular","tag":"assign","defines":["GPS.dx"],"uses":["GPS.h","$cse6"],"equation":["-398600.4418 * DIVISION($cse6, GPS.h)"],"source":{"info":{"file":"C:/Users/admin/Desktop/trackingARO-integration/trackingARO-integration/Sattraj.mo","lineStart":63,"lineEnd":63,"colStart":4,"colEnd":27},"within":["Sattraj.Satellite"],"instance":"GPS"}},
{"eqIndex":62,"section":"regular","tag":"assign","defines":["GPS.dy"],"uses":["GPS.h","$cse5","GPS.ecc"],"equation":["398600.4418 * DIVISION(GPS.ecc + $cse5, GPS.h)"],"source":{"info":{"file":"C:/Users/admin/Desktop/trackingARO-integration/trackingARO-integration/Sattraj.mo","lineStart":64,"lineEnd":64,"colStart":4,"colEnd":34},"within":["Sattraj.Satellite"],"instance":"GPS"}},
{"eqIndex":63,"section":"regular","tag":"algorithm","equation":["(p, v) := Sattraj.sat_ECI(Sattraj.Vector(GPS.x, GPS.y, 0.0), Sattraj.Vector(GPS.dx, GPS.dy, 0.0), GPS.ecc, raan2, inc2, argper2, GPS.N0);"],"source":{"info":{"file":"","lineStart":0,"lineEnd":0,"colStart":0,"colEnd":0}}},
{"eqIndex":64,"section":"regular","tag":"algorithm","equation":["(p2, v2) := Sattraj.sat_ECF(p, v, theta2);"],"source":{"info":{"file":"","lineStart":0,"lineEnd":0,"colStart":0,"colEnd":0}}},
{"eqIndex":65,"section":"regular","tag":"algorithm","equation":["(p3, v3) := Sattraj.range_ECF2topo(p2, v2, Sattraj.Vector(ARO.x, ARO.y, ARO.z), ARO.longitude, ARO.latitude);"],"source":{"info":{"file":"","lineStart":0,"lineEnd":0,"colStart":0,"colEnd":0}}},
{"eqIndex":66,"section":"regular","tag":"algorithm","equation":["(azimuth2, elevation2, dAz2, dEl2) := Sattraj.range_topo2look_angles(az_vel_lim2, el_vel_lim2, p, v);"],"source":{"info":{"file":"","lineStart":0,"lineEnd":0,"colStart":0,"colEnd":0}}},
{"eqIndex":67,"section":"parameter","tag":"assign","defines":["ARO.lat"],"uses":["ARO.latitude"],"equation":["0.0174532925199433 * ARO.latitude"],"source":{"info":{"file":"C:/Users/admin/Desktop/trackingARO-integration/trackingARO-integration/Sattraj.mo","lineStart":82,"lineEnd":82,"colStart":3,"colEnd":29},"within":["Real"],"instance":"ARO"}},
{"eqIndex":68,"section":"parameter","tag":"assign","defines":["$cse1"],"uses":["ARO.lat"],"equation":["sin(ARO.lat)"],"source":{"info":{"file":"","lineStart":0,"lineEnd":0,"colStart":0,"colEnd":0}}},
{"eqIndex":69,"section":"parameter","tag":"assign","defines":["$cse2"],"uses":["ARO.lat"],"equation":["cos(ARO.lat)"],"source":{"info":{"file":"","lineStart":0,"lineEnd":0,"colStart":0,"colEnd":0}}},
{"eqIndex":70,"section":"parameter","tag":"assign","defines":["ARO.long"],"uses":["ARO.longitude"],"equation":["0.0174532925199433 * ARO.longitude"],"source":{"info":{"file":"C:/Users/admin/Desktop/trackingARO-integration/trackingARO-integration/Sattraj.mo","lineStart":82,"lineEnd":82,"colStart":3,"colEnd":29},"within":["Real"],"instance":"ARO"}},
{"eqIndex":71,"section":"parameter","tag":"assign","defines":["$cse3"],"uses":["ARO.long"],"equation":["sin(ARO.long)"],"source":{"info":{"file":"","lineStart":0,"lineEnd":0,"colStart":0,"colEnd":0}}},
{"eqIndex":72,"section":"parameter","tag":"assign","defines":["$cse4"],"uses":["ARO.long"],"equation":["cos(ARO.long)"],"source":{"info":{"file":"","lineStart":0,"lineEnd":0,"colStart":0,"colEnd":0}}},
{"eqIndex":73,"section":"parameter","tag":"assign","defines":["theta2"],"uses":["tm2","din2"],"equation":["Sattraj.theta_t(din2, tm2)"],"source":{"info":{"file":"C:/Users/admin/Desktop/trackingARO-integration/trackingARO-integration/Sattraj.mo","lineStart":25,"lineEnd":25,"colStart":3,"colEnd":51},"within":["Real"]}},
{"eqIndex":74,"section":"parameter","tag":"assign","defines":["GPS.v_sat_p.z"],"uses":[],"equation":["0.0"],"source":{"info":{"file":"C:/Users/admin/Desktop/trackingARO-integration/trackingARO-integration/Sattraj.mo","lineStart":5,"lineEnd":5,"colStart":3,"colEnd":9},"within":["Real"],"instance":"GPSv_sat_p"}},
{"eqIndex":75,"section":"parameter","tag":"assign","defines":["GPS.p_sat_p.z"],"uses":[],"equation":["0.0"],"source":{"info":{"file":"C:/Users/admin/Desktop/trackingARO-integration/trackingARO-integration/Sattraj.mo","lineStart":5,"lineEnd":5,"colStart":3,"colEnd":9},"within":["Real"],"instance":"GPSp_sat_p"}},
{"eqIndex":76,"section":"parameter","tag":"assign","defines":["GPS.GM"],"uses":[],"equation":["398600.4418"],"source":{"info":{"file":"C:/Users/admin/Desktop/trackingARO-integration/trackingARO-integration/Sattraj.mo","lineStart":44,"lineEnd":44,"colStart":3,"colEnd":35},"within":["Real"],"instance":"GPS"}},
{"eqIndex":77,"section":"parameter","tag":"assign","defines":["ARO.N"],"uses":["ARO.lat"],"equation":["DIVISION(6378137.0, sqrt(1.0 + -0.006694379990141317 * sin(ARO.lat) ^ 2.0))"],"source":{"info":{"file":"C:/Users/admin/Desktop/trackingARO-integration/trackingARO-integration/Sattraj.mo","lineStart":82,"lineEnd":82,"colStart":3,"colEnd":29},"within":["Real"],"instance":"ARO"}},
{"eqIndex":78,"section":"parameter","tag":"assign","defines":["GPS.pi"],"uses":[],"equation":["3.141592653589793"],"source":{"info":{"file":"C:/Users/admin/Desktop/trackingARO-integration/trackingARO-integration/Sattraj.mo","lineStart":43,"lineEnd":43,"colStart":3,"colEnd":30},"within":["Real"],"instance":"GPS"}}
],
"functions":[
"Sattraj.Vector",
"Sattraj.range_ECF2topo",
"Sattraj.range_topo2look_angles",
"Sattraj.sat_ECF",
"Sattraj.sat_ECI",
"Sattraj.theta_t"
]
}